review_id,rating,review_text,predicted_stars,predicted_sentiment,confidence
1,5,Visited Harbor House Café last weekend. Great spot to work or catch up with friends. Every dish was bursting with flavor. Worth every penny. Already planning my next visit.,5,POSITIVE,0.7169579863548279
2,5,Tried Harbor House Café after seeing it recommended online. The coffee was rich and perfectly brewed. Great spot to work or catch up with friends. Great value for what you get. Five stars without hesitation.,5,POSITIVE,0.9822202920913696
3,5,Tried Harbor House Café after seeing it recommended online. Great spot to work or catch up with friends. The seasonal menu never disappoints. Great value for what you get. Already planning my next visit.,5,POSITIVE,0.6623234152793884
4,5,Visited Harbor House Café last weekend. The staff were warm and attentive. The music and decor set the perfect mood. Worth every penny. Five stars without hesitation.,5,POSITIVE,0.9895469546318054
5,5,Grabbed a quick coffee at Harbor House Café this morning. They went out of their way to accommodate my allergy. The food was absolutely delicious. Five stars without hesitation.,5,POSITIVE,0.9829119443893433
6,5,Stopped by Harbor House Café for the first time. The music and decor set the perfect mood. They went out of their way to accommodate my allergy. Will definitely be back!,5,POSITIVE,0.3339034616947174
7,5,Stopped by Harbor House Café for the first time. The team clearly cares about the customers. The sourdough bread alone is worth the visit. Worth every penny. Highly recommend to anyone in the area.,5,POSITIVE,0.7980270981788635
8,5,Came to Harbor House Café for a birthday brunch. Great spot to work or catch up with friends. Our server remembered our names by the second visit. Worth every penny. This is now my go-to spot.,5,POSITIVE,0.8237382173538208
9,3,"Regular customer at Harbor House Café here. Average sandwiches, nothing to write home about. The staff were polite but a bit slow. It's fine for a quick stop.",3,NEUTRAL,0.6469895839691162
10,5,"The pastries were incredible. The staff seemed annoyed to be there, but honestly the food made up for it. This is now my go-to spot.",5,POSITIVE,0.5756182670593262
11,5,Tried Harbor House Café after seeing it recommended online. The staff were warm and attentive. Loved the natural light and the plants everywhere. This is now my go-to spot.,5,POSITIVE,0.48789095878601074
12,5,Regular customer at Harbor House Café here. The pastries were incredible. Service was fast and friendly. Great value for what you get. Will definitely be back!,5,POSITIVE,0.7131261229515076
13,5,Tried Harbor House Café after seeing it recommended online. The music and decor set the perfect mood. The seasonal menu never disappoints. Will definitely be back!,5,POSITIVE,0.5169727206230164
14,4,Tried Harbor House Café after seeing it recommended online. Every dish was bursting with flavor. The team clearly cares about the customers. Already planning my next visit.,1,NEGATIVE,0.44434821605682373
15,5,"Every dish was bursting with flavor. The place has such a cozy, welcoming vibe. Already planning my next visit.",1,NEGATIVE,0.3893444240093231
16,3,Stopped by Harbor House Café for the first time. The menu is fine but a bit repetitive. The cashier was rude when i asked about the menu. Might give it another shot.,3,NEUTRAL,0.5056830644607544
17,4,"Tried Harbor House Café after seeing it recommended online. The sourdough bread alone is worth the visit. The staff were polite but a bit slow, but overall a solid experience. Five stars without hesitation.",5,POSITIVE,0.9584164619445801
18,5,Came to Harbor House Café for a birthday brunch. The team clearly cares about the customers. The seasonal menu never disappoints. Great value for what you get. Already planning my next visit.,5,POSITIVE,0.6389907002449036
19,4,"Regular customer at Harbor House Café here. The pastries were incredible. The staff were polite but a bit slow, but overall a solid experience. Might give it another shot.",4,POSITIVE,0.7156938910484314
20,5,They went out of their way to accommodate my allergy. Loved the natural light and the plants everywhere. Great value for what you get. Will definitely be back!,5,POSITIVE,0.8241181373596191
21,4,"The coffee was rich and perfectly brewed. The staff were polite but a bit slow, but overall a solid experience. This is now my go-to spot.",4,POSITIVE,0.6568247079849243
22,5,"Fresh ingredients you can really taste. We waited 25 minutes just to get water, but honestly the food made up for it. Will definitely be back!",5,POSITIVE,0.42119044065475464
23,3,Regular customer at Harbor House Café here. The menu is fine but a bit repetitive. The staff were polite but a bit slow. It's fine for a quick stop.,3,NEUTRAL,0.5492619276046753
24,5,Tried Harbor House Café after seeing it recommended online. Service was fast and friendly. The food was absolutely delicious. Worth every penny. Will definitely be back!,5,POSITIVE,0.4808177053928375
25,3,"Visited Harbor House Café last weekend. The coffee was okay. Service was fine, nothing memorable. Might give it another shot.",3,NEUTRAL,0.7254558801651001
26,5,Grabbed a quick coffee at Harbor House Café this morning. Our server remembered our names by the second visit. Great spot to work or catch up with friends. Reasonably priced for the quality. Will definitely be back!,5,POSITIVE,0.7263237237930298
27,5,Visited Harbor House Café last weekend. Every dish was bursting with flavor. Service was fast and friendly. Worth every penny. This is now my go-to spot.,5,POSITIVE,0.7248441576957703
28,5,"Visited Harbor House Café last weekend. The food was absolutely delicious. Our server got our order wrong twice, but honestly the food made up for it. Highly recommend to anyone in the area.",5,POSITIVE,0.7871683835983276
29,5,Stopped by Harbor House Café for the first time. Great spot to work or catch up with friends. The staff were warm and attentive. Great value for what you get. Will definitely be back!,5,POSITIVE,0.7403474450111389
30,5,Grabbed a quick coffee at Harbor House Café this morning. The food was absolutely delicious. Great spot to work or catch up with friends. Worth every penny. Will definitely be back!,5,POSITIVE,0.8682323098182678
31,5,Grabbed a quick coffee at Harbor House Café this morning. Loved the natural light and the plants everywhere. The sourdough bread alone is worth the visit. Will definitely be back!,5,POSITIVE,0.6837584376335144
32,2,Stopped by Harbor House Café for the first time. My eggs came out cold. The cashier was rude when i asked about the menu. Not sure I'll be returning.,1,NEGATIVE,0.5964924693107605
33,4,"Regular customer at Harbor House Café here. Every dish was bursting with flavor. The staff were polite but a bit slow, but overall a solid experience. It's fine for a quick stop.",4,POSITIVE,0.5974673628807068
34,2,Stopped by Harbor House Café for the first time. The pastry was stale. Our server got our order wrong twice. Not sure I'll be returning.,1,NEGATIVE,0.6481726169586182
35,5,Regular customer at Harbor House Café here. The staff were warm and attentive. Fresh ingredients you can really taste. Five stars without hesitation.,5,POSITIVE,0.9904324412345886
36,4,"Regular customer at Harbor House Café here. Every dish was bursting with flavor. The staff were polite but a bit slow, but overall a solid experience. Highly recommend to anyone in the area.",4,POSITIVE,0.6353501677513123
37,5,Grabbed a quick coffee at Harbor House Café this morning. The staff were warm and attentive. The sourdough bread alone is worth the visit. Highly recommend to anyone in the area.,5,POSITIVE,0.8016669154167175
38,5,Stopped by Harbor House Café for the first time. The pastries were incredible. Our server remembered our names by the second visit. Will definitely be back!,5,POSITIVE,0.34502238035202026
39,5,"Came to Harbor House Café for a birthday brunch. The seasonal menu never disappoints. The place has such a cozy, welcoming vibe. Highly recommend to anyone in the area.",5,POSITIVE,0.7910884022712708
40,5,The staff were warm and attentive. Loved the natural light and the plants everywhere. Great value for what you get. Five stars without hesitation.,5,POSITIVE,0.9920658469200134
41,5,Grabbed a quick coffee at Harbor House Café this morning. The sourdough bread alone is worth the visit. The team clearly cares about the customers. Will definitely be back!,5,POSITIVE,0.5502434372901917
42,4,"The coffee was rich and perfectly brewed. The staff were polite but a bit slow, but overall a solid experience. It's fine for a quick stop.",4,POSITIVE,0.7713316679000854
43,3,"Visited Harbor House Café last weekend. The coffee was okay. Service was fine, nothing memorable. It's fine for a quick stop.",3,NEUTRAL,0.7820529937744141
44,5,Grabbed a quick coffee at Harbor House Café this morning. Great spot to work or catch up with friends. The pastries were incredible. Worth every penny. This is now my go-to spot.,5,POSITIVE,0.891012966632843
45,4,"Came to Harbor House Café for a birthday brunch. The coffee was rich and perfectly brewed. The staff were polite but a bit slow, but overall a solid experience. Might give it another shot.",4,POSITIVE,0.7156319618225098
46,5,Tried Harbor House Café after seeing it recommended online. Our server remembered our names by the second visit. The music and decor set the perfect mood. Highly recommend to anyone in the area.,5,POSITIVE,0.8160411715507507
47,2,Came to Harbor House Café for a birthday brunch. The portions were way too small for the price. Our server got our order wrong twice. Probably won't recommend it to friends.,2,NEGATIVE,0.5239142775535583
48,5,Grabbed a quick coffee at Harbor House Café this morning. Every dish was bursting with flavor. Service was fast and friendly. Great value for what you get. Five stars without hesitation.,5,POSITIVE,0.9843667149543762
49,2,Tried Harbor House Café after seeing it recommended online. The coffee tasted burnt. The staff seemed annoyed to be there. Probably won't recommend it to friends.,1,NEGATIVE,0.5886062383651733
50,5,Tried Harbor House Café after seeing it recommended online. The music and decor set the perfect mood. Service was fast and friendly. Reasonably priced for the quality. This is now my go-to spot.,5,POSITIVE,0.5224332809448242
51,4,"Grabbed a quick coffee at Harbor House Café this morning. Every dish was bursting with flavor. We waited 25 minutes just to get water, but overall a solid experience. Will definitely be back!",5,POSITIVE,0.5012800097465515
52,5,"Visited Harbor House Café last weekend. The coffee was rich and perfectly brewed. The place has such a cozy, welcoming vibe. Reasonably priced for the quality. Will definitely be back!",5,POSITIVE,0.6352375745773315
53,5,"Came to Harbor House Café for a birthday brunch. The place has such a cozy, welcoming vibe. The team clearly cares about the customers. Already planning my next visit.",5,POSITIVE,0.531543493270874
54,5,"Tried Harbor House Café after seeing it recommended online. The sourdough bread alone is worth the visit. The place has such a cozy, welcoming vibe. Five stars without hesitation.",5,POSITIVE,0.9794591069221497
55,5,Grabbed a quick coffee at Harbor House Café this morning. Loved the natural light and the plants everywhere. The food was absolutely delicious. Five stars without hesitation.,5,POSITIVE,0.9888790845870972
56,5,Grabbed a quick coffee at Harbor House Café this morning. Great spot to work or catch up with friends. The seasonal menu never disappoints. Great value for what you get. Already planning my next visit.,5,POSITIVE,0.7564586400985718
57,5,"Grabbed a quick coffee at Harbor House Café this morning. Service was fast and friendly. The place has such a cozy, welcoming vibe. This is now my go-to spot.",5,POSITIVE,0.706684947013855
58,4,"Every dish was bursting with flavor. Average service, no complaints, but overall a solid experience. Five stars without hesitation.",5,POSITIVE,0.9872844219207764
59,4,"Visited Harbor House Café last weekend. The sourdough bread alone is worth the visit. The staff were polite but a bit slow, but overall a solid experience. Five stars without hesitation.",5,POSITIVE,0.9684908986091614
60,5,Regular customer at Harbor House Café here. Every dish was bursting with flavor. The music and decor set the perfect mood. Reasonably priced for the quality. Five stars without hesitation.,5,POSITIVE,0.9831925630569458
61,4,"Came to Harbor House Café for a birthday brunch. Best brunch i've had in months. Average service, no complaints, but overall a solid experience. Might give it another shot.",4,POSITIVE,0.7141209840774536
62,5,Stopped by Harbor House Café for the first time. Loved the natural light and the plants everywhere. The staff were warm and attentive. Will definitely be back!,5,POSITIVE,0.5008515119552612
63,5,Came to Harbor House Café for a birthday brunch. The food was absolutely delicious. The staff were warm and attentive. Will definitely be back!,5,POSITIVE,0.6617343425750732
64,5,"Came to Harbor House Café for a birthday brunch. The place has such a cozy, welcoming vibe. Every dish was bursting with flavor. This is now my go-to spot.",5,POSITIVE,0.6696104407310486
65,5,"Tried Harbor House Café after seeing it recommended online. The place has such a cozy, welcoming vibe. Service was fast and friendly. This is now my go-to spot.",5,POSITIVE,0.553101122379303
66,4,"Tried Harbor House Café after seeing it recommended online. Fresh ingredients you can really taste. Average service, no complaints, but overall a solid experience. It's fine for a quick stop.",4,POSITIVE,0.6934195160865784
67,5,The team clearly cares about the customers. The coffee was rich and perfectly brewed. Reasonably priced for the quality. Will definitely be back!,5,POSITIVE,0.5827463269233704
68,5,Came to Harbor House Café for a birthday brunch. Service was fast and friendly. Fresh ingredients you can really taste. Reasonably priced for the quality. Will definitely be back!,5,POSITIVE,0.580091655254364
69,5,"Visited Harbor House Café last weekend. The place has such a cozy, welcoming vibe. The food was absolutely delicious. Worth every penny. Will definitely be back!",5,POSITIVE,0.8209596872329712
70,2,Grabbed a quick coffee at Harbor House Café this morning. My eggs came out cold. Nobody checked on us the entire meal. Not sure I'll be returning.,1,NEGATIVE,0.6319754719734192
71,5,Came to Harbor House Café for a birthday brunch. The pastries were incredible. The staff were warm and attentive. Worth every penny. Highly recommend to anyone in the area.,5,POSITIVE,0.8967539668083191
72,5,Tried Harbor House Café after seeing it recommended online. Best brunch i've had in months. Our server remembered our names by the second visit. This is now my go-to spot.,5,POSITIVE,0.7714001536369324
73,5,Stopped by Harbor House Café for the first time. Service was fast and friendly. Every dish was bursting with flavor. Worth every penny. Already planning my next visit.,1,NEGATIVE,0.26787471771240234
74,5,"Stopped by Harbor House Café for the first time. The place has such a cozy, welcoming vibe. Every dish was bursting with flavor. Five stars without hesitation.",5,POSITIVE,0.9361922144889832
75,5,Tried Harbor House Café after seeing it recommended online. Service was fast and friendly. The food was absolutely delicious. Reasonably priced for the quality. Highly recommend to anyone in the area.,5,POSITIVE,0.6759923696517944
76,4,"Came to Harbor House Café for a birthday brunch. The coffee was rich and perfectly brewed. Service was fine, nothing memorable, but overall a solid experience. This is now my go-to spot.",4,POSITIVE,0.638858437538147
77,5,"Visited Harbor House Café last weekend. Fresh ingredients you can really taste. The cashier was rude when i asked about the menu, but honestly the food made up for it. Already planning my next visit.",4,POSITIVE,0.49698877334594727
78,1,Regular customer at Harbor House Café here. The portions were way too small for the price. Nobody checked on us the entire meal. Not sure I'll be returning.,2,NEGATIVE,0.5028787851333618
79,5,Regular customer at Harbor House Café here. Great spot to work or catch up with friends. They went out of their way to accommodate my allergy. Reasonably priced for the quality. Five stars without hesitation.,5,POSITIVE,0.9859484434127808
80,3,"Regular customer at Harbor House Café here. The coffee was okay. Service was fine, nothing memorable. Wouldn't go out of my way, but wouldn't avoid it either.",3,NEUTRAL,0.7379943132400513
81,5,Came to Harbor House Café for a birthday brunch. The coffee was rich and perfectly brewed. They went out of their way to accommodate my allergy. Worth every penny. This is now my go-to spot.,5,POSITIVE,0.8849697709083557
82,5,"Came to Harbor House Café for a birthday brunch. The place has such a cozy, welcoming vibe. The pastries were incredible. Will definitely be back!",5,POSITIVE,0.7594950199127197
83,4,"Regular customer at Harbor House Café here. The sourdough bread alone is worth the visit. Service was fine, nothing memorable, but overall a solid experience. This is now my go-to spot.",4,POSITIVE,0.7109780311584473
84,4,"Grabbed a quick coffee at Harbor House Café this morning. Every dish was bursting with flavor. Service was fine, nothing memorable, but overall a solid experience. Will definitely be back!",4,POSITIVE,0.35144996643066406
85,5,Tried Harbor House Café after seeing it recommended online. The sourdough bread alone is worth the visit. The team clearly cares about the customers. Reasonably priced for the quality. Will definitely be back!,4,POSITIVE,0.3763329088687897
86,5,The food was absolutely delicious. The music and decor set the perfect mood. Reasonably priced for the quality. Highly recommend to anyone in the area.,5,POSITIVE,0.8362526893615723
87,5,Tried Harbor House Café after seeing it recommended online. The seasonal menu never disappoints. They went out of their way to accommodate my allergy. Will definitely be back!,1,NEGATIVE,0.3247050940990448
88,3,"Average sandwiches, nothing to write home about. Average service, no complaints. It's fine for a quick stop.",3,NEUTRAL,0.6933156847953796
89,5,Tried Harbor House Café after seeing it recommended online. Loved the natural light and the plants everywhere. Service was fast and friendly. Worth every penny. This is now my go-to spot.,5,POSITIVE,0.714626669883728
90,5,"Tried Harbor House Café after seeing it recommended online. The team clearly cares about the customers. The place has such a cozy, welcoming vibe. Five stars without hesitation.",5,POSITIVE,0.9818583726882935
91,5,Visited Harbor House Café last weekend. Every dish was bursting with flavor. Great spot to work or catch up with friends. Five stars without hesitation.,5,POSITIVE,0.970159113407135
92,5,Came to Harbor House Café for a birthday brunch. The seasonal menu never disappoints. Loved the natural light and the plants everywhere. Great value for what you get. Five stars without hesitation.,5,POSITIVE,0.9908930063247681
93,4,"Tried Harbor House Café after seeing it recommended online. The food was absolutely delicious. The staff were polite but a bit slow, but overall a solid experience. Five stars without hesitation.",5,POSITIVE,0.9686130285263062
94,5,"The place has such a cozy, welcoming vibe. The food was absolutely delicious. Highly recommend to anyone in the area.",5,POSITIVE,0.8872201442718506
95,5,Stopped by Harbor House Café for the first time. Service was fast and friendly. Fresh ingredients you can really taste. Already planning my next visit.,5,POSITIVE,0.384536474943161
96,4,"Visited Harbor House Café last weekend. The pastries were incredible. Service was fine, nothing memorable, but overall a solid experience. Will definitely be back!",4,POSITIVE,0.6402581334114075
97,5,Great spot to work or catch up with friends. The pastries were incredible. Five stars without hesitation.,5,POSITIVE,0.9938387274742126
98,5,Regular customer at Harbor House Café here. The pastries were incredible. Service was fast and friendly. This is now my go-to spot.,5,POSITIVE,0.6472585797309875
99,5,"The pastries were incredible. The place has such a cozy, welcoming vibe. Highly recommend to anyone in the area.",5,POSITIVE,0.8904317617416382
100,1,Came to Harbor House Café for a birthday brunch. The coffee tasted burnt. The cashier was rude when i asked about the menu. The place felt cramped and chaotic. Not sure I'll be returning.,2,NEGATIVE,0.433614045381546
101,5,Stopped by Harbor House Café for the first time. Service was fast and friendly. The seasonal menu never disappoints. This is now my go-to spot.,5,POSITIVE,0.5508207082748413
102,5,Grabbed a quick coffee at Harbor House Café this morning. Great spot to work or catch up with friends. Service was fast and friendly. Reasonably priced for the quality. Already planning my next visit.,5,POSITIVE,0.6197794079780579
103,5,"Tried Harbor House Café after seeing it recommended online. The food was absolutely delicious. The place has such a cozy, welcoming vibe. Reasonably priced for the quality. Already planning my next visit.",4,POSITIVE,0.38304710388183594
104,5,Regular customer at Harbor House Café here. Great spot to work or catch up with friends. The team clearly cares about the customers. Worth every penny. Already planning my next visit.,5,POSITIVE,0.5889533758163452
105,5,Grabbed a quick coffee at Harbor House Café this morning. The staff were warm and attentive. The music and decor set the perfect mood. Great value for what you get. This is now my go-to spot.,5,POSITIVE,0.8384290337562561
106,5,"Tried Harbor House Café after seeing it recommended online. The place has such a cozy, welcoming vibe. Fresh ingredients you can really taste. Reasonably priced for the quality. Highly recommend to anyone in the area.",5,POSITIVE,0.7528380155563354
107,1,Tried Harbor House Café after seeing it recommended online. The coffee tasted burnt. We waited 25 minutes just to get water. Expected a lot more given the reviews.,1,NEGATIVE,0.5525200963020325
108,5,Grabbed a quick coffee at Harbor House Café this morning. The sourdough bread alone is worth the visit. The team clearly cares about the customers. Will definitely be back!,5,POSITIVE,0.5502434372901917
109,5,"Came to Harbor House Café for a birthday brunch. They went out of their way to accommodate my allergy. The place has such a cozy, welcoming vibe. Worth every penny. Highly recommend to anyone in the area.",5,POSITIVE,0.8991335034370422
110,3,"Regular customer at Harbor House Café here. Average sandwiches, nothing to write home about. The staff were polite but a bit slow. Might give it another shot.",3,NEUTRAL,0.6530101299285889
111,5,Tried Harbor House Café after seeing it recommended online. Service was fast and friendly. Loved the natural light and the plants everywhere. Worth every penny. Five stars without hesitation.,5,POSITIVE,0.9762311577796936
112,5,Came to Harbor House Café for a birthday brunch. They went out of their way to accommodate my allergy. Best brunch i've had in months. Highly recommend to anyone in the area.,5,POSITIVE,0.9172279238700867
113,4,"Grabbed a quick coffee at Harbor House Café this morning. Every dish was bursting with flavor. We waited 25 minutes just to get water, but overall a solid experience. Will definitely be back!",5,POSITIVE,0.5012800693511963
114,5,"Regular customer at Harbor House Café here. The place has such a cozy, welcoming vibe. Service was fast and friendly. This is now my go-to spot.",5,POSITIVE,0.5782457590103149
115,2,Grabbed a quick coffee at Harbor House Café this morning. The pastry was stale. We waited 25 minutes just to get water. Disappointing experience overall.,2,NEGATIVE,0.6248752474784851
116,4,"Came to Harbor House Café for a birthday brunch. The food was absolutely delicious. We waited 25 minutes just to get water, but overall a solid experience. Wouldn't go out of my way, but wouldn't avoid it either.",4,POSITIVE,0.6653804183006287
117,4,"Came to Harbor House Café for a birthday brunch. Every dish was bursting with flavor. Service was fine, nothing memorable, but overall a solid experience. Five stars without hesitation.",5,POSITIVE,0.9692878723144531
118,5,Stopped by Harbor House Café for the first time. Service was fast and friendly. Loved the natural light and the plants everywhere. Great value for what you get. This is now my go-to spot.,5,POSITIVE,0.7388027310371399
119,4,"Grabbed a quick coffee at Harbor House Café this morning. The sourdough bread alone is worth the visit. Average service, no complaints, but overall a solid experience. Wouldn't go out of my way, but wouldn't avoid it either.",4,POSITIVE,0.7554168701171875
120,5,Stopped by Harbor House Café for the first time. Fresh ingredients you can really taste. Our server remembered our names by the second visit. Reasonably priced for the quality. Already planning my next visit.,5,POSITIVE,0.32143843173980713
121,5,Came to Harbor House Café for a birthday brunch. The music and decor set the perfect mood. The seasonal menu never disappoints. Reasonably priced for the quality. Already planning my next visit.,5,POSITIVE,0.4795759320259094
122,5,Grabbed a quick coffee at Harbor House Café this morning. The music and decor set the perfect mood. The pastries were incredible. Five stars without hesitation.,5,POSITIVE,0.9916021227836609
123,1,Grabbed a quick coffee at Harbor House Café this morning. The portions were way too small for the price. We waited 25 minutes just to get water. Tables were sticky and the floor hadn't been swept. Disappointing experience overall.,2,NEGATIVE,0.6548067331314087
124,4,"Grabbed a quick coffee at Harbor House Café this morning. The coffee was rich and perfectly brewed. The staff seemed annoyed to be there, but overall a solid experience. Wouldn't go out of my way, but wouldn't avoid it either.",4,POSITIVE,0.6339516639709473
125,5,Regular customer at Harbor House Café here. The team clearly cares about the customers. Great spot to work or catch up with friends. Worth every penny. Highly recommend to anyone in the area.,5,POSITIVE,0.7511692047119141
126,5,"The place has such a cozy, welcoming vibe. The pastries were incredible. Worth every penny. This is now my go-to spot.",5,POSITIVE,0.8534201383590698
127,3,"Stopped by Harbor House Café for the first time. The menu is fine but a bit repetitive. The staff seemed annoyed to be there. Wouldn't go out of my way, but wouldn't avoid it either.",3,NEUTRAL,0.44998693466186523
128,5,Regular customer at Harbor House Café here. The music and decor set the perfect mood. The staff were warm and attentive. This is now my go-to spot.,5,POSITIVE,0.5945898294448853
129,5,Stopped by Harbor House Café for the first time. Best brunch i've had in months. Great spot to work or catch up with friends. Worth every penny. Will definitely be back!,5,POSITIVE,0.9029700756072998
130,5,The music and decor set the perfect mood. The staff were warm and attentive. Reasonably priced for the quality. This is now my go-to spot.,5,POSITIVE,0.6373395323753357
131,5,"Regular customer at Harbor House Café here. The place has such a cozy, welcoming vibe. They went out of their way to accommodate my allergy. This is now my go-to spot.",5,POSITIVE,0.48233655095100403
132,5,Came to Harbor House Café for a birthday brunch. The team clearly cares about the customers. The seasonal menu never disappoints. Will definitely be back!,5,POSITIVE,0.5318417549133301
133,4,"Grabbed a quick coffee at Harbor House Café this morning. The pastries were incredible. Average service, no complaints, but overall a solid experience. Might give it another shot.",4,POSITIVE,0.7186388373374939
134,5,"Came to Harbor House Café for a birthday brunch. They went out of their way to accommodate my allergy. The place has such a cozy, welcoming vibe. Great value for what you get. This is now my go-to spot.",5,POSITIVE,0.8289476633071899
135,5,"Came to Harbor House Café for a birthday brunch. The place has such a cozy, welcoming vibe. Our server remembered our names by the second visit. Reasonably priced for the quality. Highly recommend to anyone in the area.",5,POSITIVE,0.850470244884491
136,5,Came to Harbor House Café for a birthday brunch. The seasonal menu never disappoints. The team clearly cares about the customers. This is now my go-to spot.,5,POSITIVE,0.5659455060958862
137,5,Grabbed a quick coffee at Harbor House Café this morning. Great spot to work or catch up with friends. The team clearly cares about the customers. Five stars without hesitation.,5,POSITIVE,0.9910804629325867
138,5,"Tried Harbor House Café after seeing it recommended online. They went out of their way to accommodate my allergy. The place has such a cozy, welcoming vibe. Already planning my next visit.",2,NEGATIVE,0.2751166522502899
139,5,Tried Harbor House Café after seeing it recommended online. Great spot to work or catch up with friends. They went out of their way to accommodate my allergy. Five stars without hesitation.,5,POSITIVE,0.9837645888328552
140,1,The coffee tasted burnt. We waited 25 minutes just to get water. The place felt cramped and chaotic. Not sure I'll be returning.,1,NEGATIVE,0.5072028636932373
141,5,Regular customer at Harbor House Café here. The seasonal menu never disappoints. Great spot to work or catch up with friends. This is now my go-to spot.,5,POSITIVE,0.6014569401741028
142,5,Stopped by Harbor House Café for the first time. The pastries were incredible. The music and decor set the perfect mood. Worth every penny. Five stars without hesitation.,5,POSITIVE,0.9823957085609436
143,5,"The place has such a cozy, welcoming vibe. Best brunch i've had in months. Worth every penny. Will definitely be back!",5,POSITIVE,0.8499337434768677
144,5,The music and decor set the perfect mood. Best brunch i've had in months. Five stars without hesitation.,5,POSITIVE,0.9936439990997314
145,5,Came to Harbor House Café for a birthday brunch. The team clearly cares about the customers. Best brunch i've had in months. Reasonably priced for the quality. Will definitely be back!,5,POSITIVE,0.6963189840316772
146,5,Visited Harbor House Café last weekend. The food was absolutely delicious. Service was fast and friendly. Great value for what you get. This is now my go-to spot.,5,POSITIVE,0.7851729393005371
147,4,"Stopped by Harbor House Café for the first time. The seasonal menu never disappoints. Service was fine, nothing memorable, but overall a solid experience. Might give it another shot.",3,NEUTRAL,0.4790419638156891
148,2,Tried Harbor House Café after seeing it recommended online. The food was bland and overpriced. Our server got our order wrong twice. Disappointing experience overall.,2,NEGATIVE,0.5879331827163696
149,5,"Stopped by Harbor House Café for the first time. The place has such a cozy, welcoming vibe. Best brunch i've had in months. Already planning my next visit.",5,POSITIVE,0.6661309599876404
150,5,The music and decor set the perfect mood. Service was fast and friendly. Highly recommend to anyone in the area.,5,POSITIVE,0.8236991167068481
151,5,Came to Harbor House Café for a birthday brunch. Loved the natural light and the plants everywhere. Our server remembered our names by the second visit. Reasonably priced for the quality. This is now my go-to spot.,5,POSITIVE,0.670268177986145
152,5,Stopped by Harbor House Café for the first time. The team clearly cares about the customers. The pastries were incredible. Great value for what you get. Will definitely be back!,5,POSITIVE,0.6882135272026062
153,5,Came to Harbor House Café for a birthday brunch. The seasonal menu never disappoints. Service was fast and friendly. Five stars without hesitation.,5,POSITIVE,0.9908789992332458
154,5,"Visited Harbor House Café last weekend. The place has such a cozy, welcoming vibe. The coffee was rich and perfectly brewed. Highly recommend to anyone in the area.",5,POSITIVE,0.9111775755882263
155,3,"Tried Harbor House Café after seeing it recommended online. The coffee was okay. Average service, no complaints. Might give it another shot.",3,NEUTRAL,0.7367859482765198
156,4,"Grabbed a quick coffee at Harbor House Café this morning. The coffee was rich and perfectly brewed. The staff seemed annoyed to be there, but overall a solid experience. It's fine for a quick stop.",4,POSITIVE,0.7073072195053101
157,5,Regular customer at Harbor House Café here. The staff were warm and attentive. Fresh ingredients you can really taste. Highly recommend to anyone in the area.,5,POSITIVE,0.7102140188217163
158,3,"Visited Harbor House Café last weekend. Average sandwiches, nothing to write home about. Average service, no complaints. It's fine for a quick stop.",3,NEUTRAL,0.6125982403755188
159,5,Tried Harbor House Café after seeing it recommended online. Our server remembered our names by the second visit. Loved the natural light and the plants everywhere. Already planning my next visit.,5,POSITIVE,0.2966873347759247
160,4,"Came to Harbor House Café for a birthday brunch. Fresh ingredients you can really taste. The staff seemed annoyed to be there, but overall a solid experience. It's fine for a quick stop.",4,POSITIVE,0.7519933581352234
161,3,Stopped by Harbor House Café for the first time. The menu is fine but a bit repetitive. The staff were polite but a bit slow. Might give it another shot.,3,NEUTRAL,0.5867536664009094
162,3,"Visited Harbor House Café last weekend. The menu is fine but a bit repetitive. Service was fine, nothing memorable. It's fine for a quick stop.",3,NEUTRAL,0.6917979121208191
163,5,Tried Harbor House Café after seeing it recommended online. The staff were warm and attentive. The coffee was rich and perfectly brewed. Reasonably priced for the quality. Five stars without hesitation.,5,POSITIVE,0.9724675416946411
164,5,"Visited Harbor House Café last weekend. The coffee was rich and perfectly brewed. The place has such a cozy, welcoming vibe. Will definitely be back!",5,POSITIVE,0.735390305519104
165,5,They went out of their way to accommodate my allergy. Best brunch i've had in months. Worth every penny. This is now my go-to spot.,5,POSITIVE,0.9080973863601685
166,4,"Tried Harbor House Café after seeing it recommended online. Fresh ingredients you can really taste. The staff seemed annoyed to be there, but overall a solid experience. Five stars without hesitation.",5,POSITIVE,0.9701200723648071
167,4,"Stopped by Harbor House Café for the first time. The pastries were incredible. We waited 25 minutes just to get water, but overall a solid experience. Highly recommend to anyone in the area.",5,POSITIVE,0.7693266272544861
168,5,Came to Harbor House Café for a birthday brunch. Fresh ingredients you can really taste. Loved the natural light and the plants everywhere. Will definitely be back!,5,POSITIVE,0.7100215554237366
169,5,Visited Harbor House Café last weekend. The food was absolutely delicious. Service was fast and friendly. Worth every penny. Five stars without hesitation.,5,POSITIVE,0.9898484349250793
170,3,"Grabbed a quick coffee at Harbor House Café this morning. The food was decent, nothing special. The staff were polite but a bit slow. It's fine for a quick stop.",3,NEUTRAL,0.741039514541626
171,5,"Regular customer at Harbor House Café here. Service was fast and friendly. The place has such a cozy, welcoming vibe. Great value for what you get. Highly recommend to anyone in the area.",5,POSITIVE,0.805987536907196
172,5,Visited Harbor House Café last weekend. The sourdough bread alone is worth the visit. Loved the natural light and the plants everywhere. Five stars without hesitation.,5,POSITIVE,0.9890697598457336
173,5,Grabbed a quick coffee at Harbor House Café this morning. They went out of their way to accommodate my allergy. Fresh ingredients you can really taste. Five stars without hesitation.,5,POSITIVE,0.9881227612495422
174,5,Came to Harbor House Café for a birthday brunch. The staff were warm and attentive. The food was absolutely delicious. Reasonably priced for the quality. This is now my go-to spot.,5,POSITIVE,0.6312544941902161
175,3,"Visited Harbor House Café last weekend. The food was decent, nothing special. Our server got our order wrong twice. Might give it another shot.",3,NEUTRAL,0.5529863834381104
176,5,Loved the natural light and the plants everywhere. The staff were warm and attentive. Already planning my next visit.,5,POSITIVE,0.602860152721405
177,2,Grabbed a quick coffee at Harbor House Café this morning. The food was bland and overpriced. Our server got our order wrong twice. Probably won't recommend it to friends.,1,NEGATIVE,0.4769991934299469
178,5,Grabbed a quick coffee at Harbor House Café this morning. Fresh ingredients you can really taste. The music and decor set the perfect mood. Will definitely be back!,5,POSITIVE,0.7550904154777527
179,5,Great spot to work or catch up with friends. The coffee was rich and perfectly brewed. Great value for what you get. Five stars without hesitation.,5,POSITIVE,0.9933881759643555
180,5,Stopped by Harbor House Café for the first time. Great spot to work or catch up with friends. The seasonal menu never disappoints. Worth every penny. Five stars without hesitation.,5,POSITIVE,0.9857289791107178
181,5,Came to Harbor House Café for a birthday brunch. The team clearly cares about the customers. The pastries were incredible. Great value for what you get. This is now my go-to spot.,5,POSITIVE,0.7888196706771851
182,5,Stopped by Harbor House Café for the first time. Our server remembered our names by the second visit. Fresh ingredients you can really taste. Will definitely be back!,5,POSITIVE,0.32049259543418884
183,5,Came to Harbor House Café for a birthday brunch. The sourdough bread alone is worth the visit. The team clearly cares about the customers. Worth every penny. This is now my go-to spot.,5,POSITIVE,0.6513607501983643
184,5,Tried Harbor House Café after seeing it recommended online. Fresh ingredients you can really taste. Great spot to work or catch up with friends. Already planning my next visit.,5,POSITIVE,0.5496715903282166
185,5,Stopped by Harbor House Café for the first time. Our server remembered our names by the second visit. The pastries were incredible. Reasonably priced for the quality. Five stars without hesitation.,5,POSITIVE,0.9763527512550354
186,5,Came to Harbor House Café for a birthday brunch. The staff were warm and attentive. The music and decor set the perfect mood. Highly recommend to anyone in the area.,5,POSITIVE,0.8313335180282593
187,5,"Grabbed a quick coffee at Harbor House Café this morning. The pastries were incredible. Our server got our order wrong twice, but honestly the food made up for it. This is now my go-to spot.",5,POSITIVE,0.6714610457420349
188,5,Came to Harbor House Café for a birthday brunch. The music and decor set the perfect mood. The staff were warm and attentive. This is now my go-to spot.,5,POSITIVE,0.6971815228462219
189,5,Tried Harbor House Café after seeing it recommended online. The music and decor set the perfect mood. Every dish was bursting with flavor. Highly recommend to anyone in the area.,5,POSITIVE,0.8086443543434143
190,1,Stopped by Harbor House Café for the first time. The portions were way too small for the price. Nobody checked on us the entire meal. Disappointing experience overall.,2,NEGATIVE,0.5621110200881958
191,2,The pastry was stale. Our server got our order wrong twice. Not sure I'll be returning.,2,NEGATIVE,0.4376700818538666
192,2,"Regular customer at Harbor House Café here. The food was decent, nothing special. Service was fine, nothing memorable. Just didn't love it enough to come back.",3,NEUTRAL,0.6578354239463806
193,4,"Regular customer at Harbor House Café here. The pastries were incredible. Average service, no complaints, but overall a solid experience. Five stars without hesitation.",5,POSITIVE,0.9723067879676819
194,5,"Grabbed a quick coffee at Harbor House Café this morning. Every dish was bursting with flavor. The place has such a cozy, welcoming vibe. Five stars without hesitation.",5,POSITIVE,0.9798449277877808
195,2,Grabbed a quick coffee at Harbor House Café this morning. The food was bland and overpriced. Our server got our order wrong twice. Probably won't recommend it to friends.,1,NEGATIVE,0.4769991934299469
196,5,Regular customer at Harbor House Café here. The team clearly cares about the customers. The music and decor set the perfect mood. Great value for what you get. Five stars without hesitation.,5,POSITIVE,0.991041898727417
197,5,Service was fast and friendly. The music and decor set the perfect mood. Will definitely be back!,5,POSITIVE,0.7456101775169373
198,5,"Grabbed a quick coffee at Harbor House Café this morning. The place has such a cozy, welcoming vibe. Fresh ingredients you can really taste. Already planning my next visit.",5,POSITIVE,0.638818085193634
199,2,Visited Harbor House Café last weekend. The portions were way too small for the price. The staff seemed annoyed to be there. Expected a lot more given the reviews.,2,NEGATIVE,0.4840417504310608
200,5,Stopped by Harbor House Café for the first time. The music and decor set the perfect mood. Every dish was bursting with flavor. Already planning my next visit.,2,NEGATIVE,0.3685198426246643
201,5,Regular customer at Harbor House Café here. The staff were warm and attentive. The food was absolutely delicious. This is now my go-to spot.,5,POSITIVE,0.49785980582237244
202,5,Tried Harbor House Café after seeing it recommended online. The music and decor set the perfect mood. They went out of their way to accommodate my allergy. Five stars without hesitation.,5,POSITIVE,0.9809826016426086
203,5,Came to Harbor House Café for a birthday brunch. Best brunch i've had in months. They went out of their way to accommodate my allergy. Great value for what you get. Highly recommend to anyone in the area.,5,POSITIVE,0.9243245720863342
204,5,"Came to Harbor House Café for a birthday brunch. Every dish was bursting with flavor. The cashier was rude when i asked about the menu, but honestly the food made up for it. Already planning my next visit.",1,NEGATIVE,0.34916821122169495
205,5,Visited Harbor House Café last weekend. The staff were warm and attentive. The music and decor set the perfect mood. Highly recommend to anyone in the area.,5,POSITIVE,0.8450552225112915
206,2,Came to Harbor House Café for a birthday brunch. My eggs came out cold. The cashier was rude when i asked about the menu. Expected a lot more given the reviews.,2,NEGATIVE,0.35531798005104065
207,5,Tried Harbor House Café after seeing it recommended online. Loved the natural light and the plants everywhere. The sourdough bread alone is worth the visit. Worth every penny. Already planning my next visit.,5,POSITIVE,0.5492922067642212
208,5,Visited Harbor House Café last weekend. The staff were warm and attentive. The seasonal menu never disappoints. Worth every penny. This is now my go-to spot.,5,POSITIVE,0.7403937578201294
209,5,Stopped by Harbor House Café for the first time. Great spot to work or catch up with friends. The staff were warm and attentive. Worth every penny. Already planning my next visit.,5,POSITIVE,0.7092679142951965
210,5,The coffee was rich and perfectly brewed. Service was fast and friendly. Worth every penny. Already planning my next visit.,5,POSITIVE,0.8116285800933838
211,5,Regular customer at Harbor House Café here. They went out of their way to accommodate my allergy. The pastries were incredible. This is now my go-to spot.,5,POSITIVE,0.6159614324569702
212,5,"Regular customer at Harbor House Café here. The place has such a cozy, welcoming vibe. The team clearly cares about the customers. This is now my go-to spot.",5,POSITIVE,0.5306806564331055
213,5,Grabbed a quick coffee at Harbor House Café this morning. Great spot to work or catch up with friends. The staff were warm and attentive. Great value for what you get. Already planning my next visit.,5,POSITIVE,0.7775493860244751
214,5,Stopped by Harbor House Café for the first time. They went out of their way to accommodate my allergy. Best brunch i've had in months. Worth every penny. This is now my go-to spot.,5,POSITIVE,0.8677522540092468
215,3,"Came to Harbor House Café for a birthday brunch. Average sandwiches, nothing to write home about. Nobody checked on us the entire meal. Wouldn't go out of my way, but wouldn't avoid it either.",2,NEGATIVE,0.4043542146682739
216,5,Stopped by Harbor House Café for the first time. The team clearly cares about the customers. The sourdough bread alone is worth the visit. This is now my go-to spot.,5,POSITIVE,0.42549487948417664
217,5,Stopped by Harbor House Café for the first time. They went out of their way to accommodate my allergy. The music and decor set the perfect mood. Reasonably priced for the quality. Five stars without hesitation.,5,POSITIVE,0.9635695219039917
218,2,Regular customer at Harbor House Café here. The pastry was stale. We waited 25 minutes just to get water. Disappointing experience overall.,2,NEGATIVE,0.6084349155426025
219,5,"Visited Harbor House Café last weekend. The staff were warm and attentive. The place has such a cozy, welcoming vibe. Great value for what you get. Will definitely be back!",5,POSITIVE,0.7950886487960815
220,5,Visited Harbor House Café last weekend. They went out of their way to accommodate my allergy. Great spot to work or catch up with friends. This is now my go-to spot.,5,POSITIVE,0.7492880821228027
221,5,Came to Harbor House Café for a birthday brunch. Loved the natural light and the plants everywhere. The pastries were incredible. Worth every penny. Highly recommend to anyone in the area.,5,POSITIVE,0.9239301085472107
222,4,"The food was absolutely delicious. Average service, no complaints, but overall a solid experience. It's fine for a quick stop.",4,POSITIVE,0.7459818720817566
223,1,Came to Harbor House Café for a birthday brunch. The pastry was stale. The cashier was rude when i asked about the menu. Tables were sticky and the floor hadn't been swept. Probably won't recommend it to friends.,2,NEGATIVE,0.5296708345413208
224,4,"Best brunch i've had in months. The staff were polite but a bit slow, but overall a solid experience. Might give it another shot.",4,POSITIVE,0.6899539828300476
225,5,"Stopped by Harbor House Café for the first time. The place has such a cozy, welcoming vibe. The staff were warm and attentive. This is now my go-to spot.",5,POSITIVE,0.5910670757293701
226,5,"The place has such a cozy, welcoming vibe. Our server remembered our names by the second visit. Reasonably priced for the quality. Five stars without hesitation.",5,POSITIVE,0.986491858959198
227,5,The music and decor set the perfect mood. The staff were warm and attentive. Already planning my next visit.,5,POSITIVE,0.5913378596305847
228,5,Stopped by Harbor House Café for the first time. Service was fast and friendly. The music and decor set the perfect mood. Already planning my next visit.,5,POSITIVE,0.30992022156715393
229,5,Grabbed a quick coffee at Harbor House Café this morning. They went out of their way to accommodate my allergy. Loved the natural light and the plants everywhere. Five stars without hesitation.,5,POSITIVE,0.9860320091247559
230,2,Grabbed a quick coffee at Harbor House Café this morning. The menu is fine but a bit repetitive. The staff were polite but a bit slow. Just didn't love it enough to come back.,3,NEUTRAL,0.7508437037467957
231,5,They went out of their way to accommodate my allergy. The seasonal menu never disappoints. Great value for what you get. This is now my go-to spot.,5,POSITIVE,0.781521737575531
232,5,Regular customer at Harbor House Café here. Every dish was bursting with flavor. The team clearly cares about the customers. Great value for what you get. Will definitely be back!,5,POSITIVE,0.45860522985458374
233,3,Stopped by Harbor House Café for the first time. The coffee was okay. The staff were polite but a bit slow. Might give it another shot.,3,NEUTRAL,0.6899489164352417
234,5,Visited Harbor House Café last weekend. The coffee was rich and perfectly brewed. The music and decor set the perfect mood. Worth every penny. Will definitely be back!,5,POSITIVE,0.8507991433143616
235,4,"Came to Harbor House Café for a birthday brunch. The pastries were incredible. The staff were polite but a bit slow, but overall a solid experience. Will definitely be back!",4,POSITIVE,0.6675640940666199
236,5,Came to Harbor House Café for a birthday brunch. Our server remembered our names by the second visit. Great spot to work or catch up with friends. Reasonably priced for the quality. Highly recommend to anyone in the area.,5,POSITIVE,0.8205226063728333
237,5,Visited Harbor House Café last weekend. The coffee was rich and perfectly brewed. The music and decor set the perfect mood. Worth every penny. Five stars without hesitation.,5,POSITIVE,0.9902234673500061
238,5,Service was fast and friendly. The pastries were incredible. Reasonably priced for the quality. Will definitely be back!,5,POSITIVE,0.6174509525299072
239,3,Came to Harbor House Café for a birthday brunch. The menu is fine but a bit repetitive. The staff were polite but a bit slow. It's fine for a quick stop.,3,NEUTRAL,0.5240504145622253
240,5,Tried Harbor House Café after seeing it recommended online. Great spot to work or catch up with friends. Best brunch i've had in months. Worth every penny. This is now my go-to spot.,5,POSITIVE,0.8501415252685547
241,5,Visited Harbor House Café last weekend. Service was fast and friendly. The music and decor set the perfect mood. Already planning my next visit.,5,POSITIVE,0.5766372084617615
242,4,"Stopped by Harbor House Café for the first time. Best brunch i've had in months. The staff seemed annoyed to be there, but overall a solid experience. Already planning my next visit.",5,POSITIVE,0.5096600651741028
243,2,Stopped by Harbor House Café for the first time. The pastry was stale. Nobody checked on us the entire meal. Not sure I'll be returning.,1,NEGATIVE,0.6313409209251404
244,5,The staff were warm and attentive. The sourdough bread alone is worth the visit. Great value for what you get. Already planning my next visit.,5,POSITIVE,0.5744085311889648
245,5,Stopped by Harbor House Café for the first time. The seasonal menu never disappoints. Our server remembered our names by the second visit. This is now my go-to spot.,5,POSITIVE,0.5053261518478394
246,5,Regular customer at Harbor House Café here. Great spot to work or catch up with friends. The seasonal menu never disappoints. Highly recommend to anyone in the area.,5,POSITIVE,0.7364474534988403
247,4,"Came to Harbor House Café for a birthday brunch. Every dish was bursting with flavor. Service was fine, nothing memorable, but overall a solid experience. Highly recommend to anyone in the area.",4,POSITIVE,0.5987700819969177
248,5,Stopped by Harbor House Café for the first time. The sourdough bread alone is worth the visit. The team clearly cares about the customers. Great value for what you get. Highly recommend to anyone in the area.,5,POSITIVE,0.8090216517448425
249,5,Came to Harbor House Café for a birthday brunch. Best brunch i've had in months. Our server remembered our names by the second visit. Reasonably priced for the quality. This is now my go-to spot.,5,POSITIVE,0.8284873366355896
250,5,"Regular customer at Harbor House Café here. Fresh ingredients you can really taste. We waited 25 minutes just to get water, but honestly the food made up for it. Highly recommend to anyone in the area.",5,POSITIVE,0.6231080293655396
251,5,Tried Harbor House Café after seeing it recommended online. Loved the natural light and the plants everywhere. Our server remembered our names by the second visit. Worth every penny. Already planning my next visit.,5,POSITIVE,0.5496412515640259
252,5,Visited Harbor House Café last weekend. The pastries were incredible. The music and decor set the perfect mood. Five stars without hesitation.,5,POSITIVE,0.9911512732505798
253,4,"Stopped by Harbor House Café for the first time. Every dish was bursting with flavor. Average service, no complaints, but overall a solid experience. This is now my go-to spot.",3,NEUTRAL,0.2552803158760071
254,5,Stopped by Harbor House Café for the first time. They went out of their way to accommodate my allergy. Great spot to work or catch up with friends. Will definitely be back!,1,NEGATIVE,0.36409229040145874
255,4,"Grabbed a quick coffee at Harbor House Café this morning. The seasonal menu never disappoints. Average service, no complaints, but overall a solid experience. Will definitely be back!",4,POSITIVE,0.5947239995002747
256,5,Tried Harbor House Café after seeing it recommended online. The pastries were incredible. Great spot to work or catch up with friends. Worth every penny. This is now my go-to spot.,5,POSITIVE,0.8306397795677185
257,5,"Came to Harbor House Café for a birthday brunch. Our server remembered our names by the second visit. The place has such a cozy, welcoming vibe. Already planning my next visit.",5,POSITIVE,0.4693443775177002
258,5,Grabbed a quick coffee at Harbor House Café this morning. The pastries were incredible. The staff were warm and attentive. Reasonably priced for the quality. This is now my go-to spot.,5,POSITIVE,0.7414560317993164
259,5,"Came to Harbor House Café for a birthday brunch. The sourdough bread alone is worth the visit. The cashier was rude when i asked about the menu, but honestly the food made up for it. Highly recommend to anyone in the area.",5,POSITIVE,0.6359323859214783
260,5,Regular customer at Harbor House Café here. The team clearly cares about the customers. The music and decor set the perfect mood. Five stars without hesitation.,5,POSITIVE,0.9906800389289856
261,5,"The coffee was rich and perfectly brewed. Our server got our order wrong twice, but honestly the food made up for it. Will definitely be back!",5,POSITIVE,0.40913286805152893
262,5,The coffee was rich and perfectly brewed. Great spot to work or catch up with friends. Five stars without hesitation.,5,POSITIVE,0.9934412240982056
263,5,Grabbed a quick coffee at Harbor House Café this morning. The team clearly cares about the customers. The music and decor set the perfect mood. Great value for what you get. Will definitely be back!,5,POSITIVE,0.8131642937660217
264,5,Grabbed a quick coffee at Harbor House Café this morning. Loved the natural light and the plants everywhere. The pastries were incredible. Highly recommend to anyone in the area.,5,POSITIVE,0.9314667582511902
265,5,Best brunch i've had in months. The team clearly cares about the customers. Five stars without hesitation.,5,POSITIVE,0.9939815402030945
266,5,"Grabbed a quick coffee at Harbor House Café this morning. The place has such a cozy, welcoming vibe. Our server remembered our names by the second visit. Reasonably priced for the quality. Already planning my next visit.",5,POSITIVE,0.5480375289916992
267,5,Regular customer at Harbor House Café here. The team clearly cares about the customers. Every dish was bursting with flavor. Worth every penny. Will definitely be back!,5,POSITIVE,0.39755240082740784
268,5,Stopped by Harbor House Café for the first time. The food was absolutely delicious. The team clearly cares about the customers. Five stars without hesitation.,5,POSITIVE,0.9800946712493896
269,4,"Tried Harbor House Café after seeing it recommended online. Best brunch i've had in months. Service was fine, nothing memorable, but overall a solid experience. Highly recommend to anyone in the area.",4,POSITIVE,0.5316675901412964
270,5,Stopped by Harbor House Café for the first time. Our server remembered our names by the second visit. Every dish was bursting with flavor. Great value for what you get. Will definitely be back!,1,NEGATIVE,0.4090772569179535
271,5,Regular customer at Harbor House Café here. Service was fast and friendly. Great spot to work or catch up with friends. Will definitely be back!,5,POSITIVE,0.5404011011123657
272,5,Regular customer at Harbor House Café here. The sourdough bread alone is worth the visit. Service was fast and friendly. Will definitely be back!,4,POSITIVE,0.4982472360134125
273,4,Best brunch i've had in months. Our server remembered our names by the second visit. Five stars without hesitation.,5,POSITIVE,0.9933907985687256
274,5,"Stopped by Harbor House Café for the first time. Every dish was bursting with flavor. The place has such a cozy, welcoming vibe. Five stars without hesitation.",5,POSITIVE,0.8997006416320801
275,5,"Visited Harbor House Café last weekend. The place has such a cozy, welcoming vibe. The team clearly cares about the customers. Will definitely be back!",5,POSITIVE,0.6225773096084595
276,5,Regular customer at Harbor House Café here. Our server remembered our names by the second visit. Loved the natural light and the plants everywhere. Highly recommend to anyone in the area.,5,POSITIVE,0.8230193257331848
277,4,"Regular customer at Harbor House Café here. The sourdough bread alone is worth the visit. Service was fine, nothing memorable, but overall a solid experience. Will definitely be back!",4,POSITIVE,0.663378894329071
278,3,"Came to Harbor House Café for a birthday brunch. Average sandwiches, nothing to write home about. Service was fine, nothing memorable. Wouldn't go out of my way, but wouldn't avoid it either.",3,NEUTRAL,0.46506619453430176
279,5,Visited Harbor House Café last weekend. Great spot to work or catch up with friends. The team clearly cares about the customers. Highly recommend to anyone in the area.,5,POSITIVE,0.8084527254104614
280,5,Stopped by Harbor House Café for the first time. Our server remembered our names by the second visit. Great spot to work or catch up with friends. Reasonably priced for the quality. Highly recommend to anyone in the area.,5,POSITIVE,0.8319088816642761
281,5,Came to Harbor House Café for a birthday brunch. The food was absolutely delicious. The music and decor set the perfect mood. Highly recommend to anyone in the area.,5,POSITIVE,0.8689360618591309
282,5,Stopped by Harbor House Café for the first time. They went out of their way to accommodate my allergy. The food was absolutely delicious. Five stars without hesitation.,5,POSITIVE,0.9538117051124573
283,4,"Stopped by Harbor House Café for the first time. The pastries were incredible. The staff were polite but a bit slow, but overall a solid experience. This is now my go-to spot.",4,POSITIVE,0.5728736519813538
284,5,Grabbed a quick coffee at Harbor House Café this morning. The music and decor set the perfect mood. The food was absolutely delicious. Worth every penny. Already planning my next visit.,5,POSITIVE,0.7637220621109009
285,5,Came to Harbor House Café for a birthday brunch. Service was fast and friendly. The pastries were incredible. Highly recommend to anyone in the area.,5,POSITIVE,0.8433490991592407
286,4,"Came to Harbor House Café for a birthday brunch. The coffee was rich and perfectly brewed. Service was fine, nothing memorable, but overall a solid experience. Wouldn't go out of my way, but wouldn't avoid it either.",4,POSITIVE,0.6969944834709167
287,5,Grabbed a quick coffee at Harbor House Café this morning. Best brunch i've had in months. The music and decor set the perfect mood. Five stars without hesitation.,5,POSITIVE,0.991328775882721
288,5,Regular customer at Harbor House Café here. The music and decor set the perfect mood. The sourdough bread alone is worth the visit. This is now my go-to spot.,5,POSITIVE,0.5017062425613403
289,5,Every dish was bursting with flavor. Our server remembered our names by the second visit. Worth every penny. Five stars without hesitation.,5,POSITIVE,0.9659280776977539
290,5,Grabbed a quick coffee at Harbor House Café this morning. Best brunch i've had in months. They went out of their way to accommodate my allergy. Five stars without hesitation.,5,POSITIVE,0.9899963140487671
291,5,"Visited Harbor House Café last weekend. Fresh ingredients you can really taste. Our server got our order wrong twice, but honestly the food made up for it. Already planning my next visit.",4,POSITIVE,0.43175435066223145
292,5,Grabbed a quick coffee at Harbor House Café this morning. The music and decor set the perfect mood. Our server remembered our names by the second visit. Already planning my next visit.,5,POSITIVE,0.590507447719574
293,5,Came to Harbor House Café for a birthday brunch. The sourdough bread alone is worth the visit. Our server remembered our names by the second visit. Worth every penny. Already planning my next visit.,5,POSITIVE,0.6131113171577454
294,5,Tried Harbor House Café after seeing it recommended online. They went out of their way to accommodate my allergy. Fresh ingredients you can really taste. Worth every penny. Already planning my next visit.,5,POSITIVE,0.5603795051574707
295,5,"The place has such a cozy, welcoming vibe. Our server remembered our names by the second visit. This is now my go-to spot.",5,POSITIVE,0.6063175201416016
296,5,"The place has such a cozy, welcoming vibe. Service was fast and friendly. This is now my go-to spot.",5,POSITIVE,0.6522223949432373
297,5,Fresh ingredients you can really taste. Loved the natural light and the plants everywhere. Highly recommend to anyone in the area.,5,POSITIVE,0.8627015352249146
298,5,Stopped by Harbor House Café for the first time. Service was fast and friendly. Great spot to work or catch up with friends. This is now my go-to spot.,5,POSITIVE,0.5938899517059326
299,5,"Grabbed a quick coffee at Harbor House Café this morning. The place has such a cozy, welcoming vibe. The staff were warm and attentive. This is now my go-to spot.",5,POSITIVE,0.7346969246864319
300,5,Came to Harbor House Café for a birthday brunch. The music and decor set the perfect mood. The staff were warm and attentive. Worth every penny. This is now my go-to spot.,5,POSITIVE,0.8017897605895996
301,5,Grabbed a quick coffee at Harbor House Café this morning. Loved the natural light and the plants everywhere. Our server remembered our names by the second visit. Great value for what you get. Five stars without hesitation.,5,POSITIVE,0.9892547130584717
302,5,Tried Harbor House Café after seeing it recommended online. Best brunch i've had in months. Loved the natural light and the plants everywhere. Already planning my next visit.,5,POSITIVE,0.7169970273971558
303,5,Stopped by Harbor House Café for the first time. The pastries were incredible. Our server remembered our names by the second visit. Worth every penny. Already planning my next visit.,5,POSITIVE,0.6415259838104248
304,5,Stopped by Harbor House Café for the first time. Service was fast and friendly. Loved the natural light and the plants everywhere. This is now my go-to spot.,5,POSITIVE,0.5778225660324097
305,5,Regular customer at Harbor House Café here. Great spot to work or catch up with friends. They went out of their way to accommodate my allergy. Will definitely be back!,5,POSITIVE,0.6107660531997681
306,5,The team clearly cares about the customers. The coffee was rich and perfectly brewed. Will definitely be back!,5,POSITIVE,0.7092412710189819
307,5,"Stopped by Harbor House Café for the first time. The place has such a cozy, welcoming vibe. The sourdough bread alone is worth the visit. Great value for what you get. Five stars without hesitation.",5,POSITIVE,0.9850471019744873
308,5,Came to Harbor House Café for a birthday brunch. They went out of their way to accommodate my allergy. The music and decor set the perfect mood. Worth every penny. Will definitely be back!,5,POSITIVE,0.8325285315513611
309,5,Came to Harbor House Café for a birthday brunch. The music and decor set the perfect mood. The team clearly cares about the customers. Worth every penny. Will definitely be back!,5,POSITIVE,0.7552443742752075
310,4,"Tried Harbor House Café after seeing it recommended online. The sourdough bread alone is worth the visit. The staff were polite but a bit slow, but overall a solid experience. It's fine for a quick stop.",4,POSITIVE,0.670377254486084
311,3,"Tried Harbor House Café after seeing it recommended online. The food was decent, nothing special. Nobody checked on us the entire meal. Might give it another shot.",2,NEGATIVE,0.48691055178642273
312,5,The music and decor set the perfect mood. The food was absolutely delicious. Worth every penny. Highly recommend to anyone in the area.,5,POSITIVE,0.9019344449043274
313,3,"Tried Harbor House Café after seeing it recommended online. Average sandwiches, nothing to write home about. The staff were polite but a bit slow. It's fine for a quick stop.",3,NEUTRAL,0.653082549571991
314,1,Regular customer at Harbor House Café here. My eggs came out cold. Nobody checked on us the entire meal. Not sure I'll be returning.,1,NEGATIVE,0.41878315806388855
315,5,Tried Harbor House Café after seeing it recommended online. The staff were warm and attentive. The coffee was rich and perfectly brewed. Will definitely be back!,5,POSITIVE,0.2712056338787079
316,4,"Every dish was bursting with flavor. Service was fine, nothing memorable, but overall a solid experience. Five stars without hesitation.",5,POSITIVE,0.9767109751701355
317,5,"Best brunch i've had in months. Nobody checked on us the entire meal, but honestly the food made up for it. This is now my go-to spot.",5,POSITIVE,0.917722761631012
318,5,The staff were warm and attentive. The coffee was rich and perfectly brewed. This is now my go-to spot.,5,POSITIVE,0.7592962980270386
319,5,Visited Harbor House Café last weekend. Our server remembered our names by the second visit. Great spot to work or catch up with friends. Reasonably priced for the quality. Highly recommend to anyone in the area.,5,POSITIVE,0.8383405804634094
320,4,"Tried Harbor House Café after seeing it recommended online. Fresh ingredients you can really taste. The staff seemed annoyed to be there, but overall a solid experience. It's fine for a quick stop.",4,POSITIVE,0.7261112332344055
321,5,"Tried Harbor House Café after seeing it recommended online. Fresh ingredients you can really taste. We waited 25 minutes just to get water, but honestly the food made up for it. Highly recommend to anyone in the area.",5,POSITIVE,0.7030131816864014
322,5,"Every dish was bursting with flavor. The staff seemed annoyed to be there, but honestly the food made up for it. Will definitely be back!",1,NEGATIVE,0.607707679271698
323,3,"Grabbed a quick coffee at Harbor House Café this morning. The food was decent, nothing special. Nobody checked on us the entire meal. It's fine for a quick stop.",3,NEUTRAL,0.7161154747009277
324,4,"Came to Harbor House Café for a birthday brunch. The food was absolutely delicious. We waited 25 minutes just to get water, but overall a solid experience. It's fine for a quick stop.",4,POSITIVE,0.6939183473587036
325,5,Came to Harbor House Café for a birthday brunch. Loved the natural light and the plants everywhere. The team clearly cares about the customers. Already planning my next visit.,5,POSITIVE,0.5458536744117737
326,3,"Came to Harbor House Café for a birthday brunch. The menu is fine but a bit repetitive. Average service, no complaints. Wouldn't go out of my way, but wouldn't avoid it either.",3,NEUTRAL,0.6681725978851318
327,5,Stopped by Harbor House Café for the first time. Service was fast and friendly. Great spot to work or catch up with friends. Reasonably priced for the quality. Will definitely be back!,5,POSITIVE,0.3190528452396393
328,4,"Regular customer at Harbor House Café here. Fresh ingredients you can really taste. We waited 25 minutes just to get water, but overall a solid experience. Will definitely be back!",4,POSITIVE,0.5927556753158569
329,5,"The place has such a cozy, welcoming vibe. The coffee was rich and perfectly brewed. Already planning my next visit.",5,POSITIVE,0.6831346154212952
330,4,"Tried Harbor House Café after seeing it recommended online. The seasonal menu never disappoints. Service was fine, nothing memorable, but overall a solid experience. It's fine for a quick stop.",4,POSITIVE,0.6103405356407166
331,5,Regular customer at Harbor House Café here. The music and decor set the perfect mood. The food was absolutely delicious. Worth every penny. Five stars without hesitation.,5,POSITIVE,0.9889976382255554
332,5,Stopped by Harbor House Café for the first time. They went out of their way to accommodate my allergy. The coffee was rich and perfectly brewed. Already planning my next visit.,1,NEGATIVE,0.3143642842769623
333,4,"Came to Harbor House Café for a birthday brunch. Best brunch i've had in months. Average service, no complaints, but overall a solid experience. Wouldn't go out of my way, but wouldn't avoid it either.",4,POSITIVE,0.6342769265174866
334,5,Regular customer at Harbor House Café here. The coffee was rich and perfectly brewed. Our server remembered our names by the second visit. Highly recommend to anyone in the area.,5,POSITIVE,0.8591945767402649
335,5,"Tried Harbor House Café after seeing it recommended online. The place has such a cozy, welcoming vibe. The staff were warm and attentive. Worth every penny. Will definitely be back!",5,POSITIVE,0.6193147301673889
336,4,Regular customer at Harbor House Café here. Best brunch i've had in months. The staff were warm and attentive. Already planning my next visit.,5,POSITIVE,0.668602705001831
337,5,Regular customer at Harbor House Café here. Our server remembered our names by the second visit. Great spot to work or catch up with friends. This is now my go-to spot.,5,POSITIVE,0.6553915739059448
338,5,Tried Harbor House Café after seeing it recommended online. The music and decor set the perfect mood. Every dish was bursting with flavor. This is now my go-to spot.,5,POSITIVE,0.37103474140167236
339,2,Regular customer at Harbor House Café here. The coffee tasted burnt. Nobody checked on us the entire meal. Disappointing experience overall.,2,NEGATIVE,0.541534423828125
340,5,Grabbed a quick coffee at Harbor House Café this morning. Great spot to work or catch up with friends. The team clearly cares about the customers. Will definitely be back!,5,POSITIVE,0.7406260371208191
341,5,Visited Harbor House Café last weekend. Great spot to work or catch up with friends. The pastries were incredible. Reasonably priced for the quality. Already planning my next visit.,5,POSITIVE,0.6062703132629395
342,1,Regular customer at Harbor House Café here. The coffee tasted burnt. Nobody checked on us the entire meal. The place felt cramped and chaotic. Expected a lot more given the reviews.,2,NEGATIVE,0.5081735253334045
343,5,Tried Harbor House Café after seeing it recommended online. Our server remembered our names by the second visit. The sourdough bread alone is worth the visit. Worth every penny. Highly recommend to anyone in the area.,5,POSITIVE,0.803801417350769
344,3,Came to Harbor House Café for a birthday brunch. The menu is fine but a bit repetitive. Our server got our order wrong twice. Might give it another shot.,3,NEUTRAL,0.6275726556777954
345,3,"Tried Harbor House Café after seeing it recommended online. Average sandwiches, nothing to write home about. The staff were polite but a bit slow. It's fine for a quick stop.",3,NEUTRAL,0.653082549571991
346,5,Regular customer at Harbor House Café here. The team clearly cares about the customers. Great spot to work or catch up with friends. Great value for what you get. This is now my go-to spot.,5,POSITIVE,0.6585643291473389
347,5,Visited Harbor House Café last weekend. Service was fast and friendly. Best brunch i've had in months. Already planning my next visit.,5,POSITIVE,0.6820468902587891
348,5,Visited Harbor House Café last weekend. The pastries were incredible. The music and decor set the perfect mood. Great value for what you get. Five stars without hesitation.,5,POSITIVE,0.9920698404312134
349,5,Grabbed a quick coffee at Harbor House Café this morning. The team clearly cares about the customers. Loved the natural light and the plants everywhere. Great value for what you get. Highly recommend to anyone in the area.,5,POSITIVE,0.8946474194526672
350,4,"Grabbed a quick coffee at Harbor House Café this morning. Best brunch i've had in months. The staff seemed annoyed to be there, but overall a solid experience. Highly recommend to anyone in the area.",5,POSITIVE,0.7221903204917908
351,5,"Stopped by Harbor House Café for the first time. Service was fast and friendly. The place has such a cozy, welcoming vibe. Will definitely be back!",5,POSITIVE,0.3398786783218384
352,5,They went out of their way to accommodate my allergy. The seasonal menu never disappoints. Great value for what you get. Five stars without hesitation.,5,POSITIVE,0.9919477105140686
353,5,Visited Harbor House Café last weekend. Our server remembered our names by the second visit. The music and decor set the perfect mood. Highly recommend to anyone in the area.,5,POSITIVE,0.8821321129798889
354,5,Stopped by Harbor House Café for the first time. Loved the natural light and the plants everywhere. The staff were warm and attentive. Worth every penny. This is now my go-to spot.,5,POSITIVE,0.8101558685302734
355,4,"Grabbed a quick coffee at Harbor House Café this morning. Every dish was bursting with flavor. Service was fine, nothing memorable, but overall a solid experience. This is now my go-to spot.",4,POSITIVE,0.48944124579429626
356,5,"Visited Harbor House Café last weekend. The place has such a cozy, welcoming vibe. They went out of their way to accommodate my allergy. Will definitely be back!",5,POSITIVE,0.5476439595222473
357,5,Visited Harbor House Café last weekend. The sourdough bread alone is worth the visit. The music and decor set the perfect mood. Highly recommend to anyone in the area.,5,POSITIVE,0.7838654518127441
358,5,Came to Harbor House Café for a birthday brunch. The music and decor set the perfect mood. The staff were warm and attentive. Reasonably priced for the quality. This is now my go-to spot.,5,POSITIVE,0.6288347840309143
359,3,"Tried Harbor House Café after seeing it recommended online. The food was decent, nothing special. Service was fine, nothing memorable. Might give it another shot.",3,NEUTRAL,0.520285427570343
360,5,Visited Harbor House Café last weekend. The food was absolutely delicious. Loved the natural light and the plants everywhere. Will definitely be back!,5,POSITIVE,0.7244526743888855
361,4,"Stopped by Harbor House Café for the first time. The seasonal menu never disappoints. Average service, no complaints, but overall a solid experience. This is now my go-to spot.",4,POSITIVE,0.5751277208328247
362,3,"Stopped by Harbor House Café for the first time. The coffee was okay. Average service, no complaints. It's fine for a quick stop.",3,NEUTRAL,0.7697208523750305
363,5,Regular customer at Harbor House Café here. The music and decor set the perfect mood. Our server remembered our names by the second visit. Five stars without hesitation.,5,POSITIVE,0.9900259971618652
364,5,Regular customer at Harbor House Café here. Service was fast and friendly. The music and decor set the perfect mood. Five stars without hesitation.,5,POSITIVE,0.9903066158294678
365,4,"Stopped by Harbor House Café for the first time. The pastries were incredible. The staff seemed annoyed to be there, but overall a solid experience. Five stars without hesitation.",5,POSITIVE,0.9774842858314514
366,5,Regular customer at Harbor House Café here. The coffee was rich and perfectly brewed. The team clearly cares about the customers. Great value for what you get. Already planning my next visit.,5,POSITIVE,0.6913143992424011
367,5,Regular customer at Harbor House Café here. The staff were warm and attentive. The pastries were incredible. Worth every penny. Five stars without hesitation.,5,POSITIVE,0.9900473952293396
368,5,The music and decor set the perfect mood. The food was absolutely delicious. Great value for what you get. Already planning my next visit.,5,POSITIVE,0.7738566994667053
369,4,"The food was absolutely delicious. The staff seemed annoyed to be there, but overall a solid experience. Highly recommend to anyone in the area.",5,POSITIVE,0.5254957675933838
370,4,"Stopped by Harbor House Café for the first time. The sourdough bread alone is worth the visit. We waited 25 minutes just to get water, but overall a solid experience. Five stars without hesitation.",5,POSITIVE,0.9782600998878479
371,5,Great spot to work or catch up with friends. Service was fast and friendly. Reasonably priced for the quality. Will definitely be back!,5,POSITIVE,0.6664570569992065
372,5,Tried Harbor House Café after seeing it recommended online. The food was absolutely delicious. Service was fast and friendly. Highly recommend to anyone in the area.,5,POSITIVE,0.7450109720230103
373,5,Great spot to work or catch up with friends. The team clearly cares about the customers. Already planning my next visit.,5,POSITIVE,0.5989198684692383
374,5,The seasonal menu never disappoints. They went out of their way to accommodate my allergy. Reasonably priced for the quality. Highly recommend to anyone in the area.,5,POSITIVE,0.758122444152832
375,5,"Grabbed a quick coffee at Harbor House Café this morning. Service was fast and friendly. The place has such a cozy, welcoming vibe. Reasonably priced for the quality. Already planning my next visit.",5,POSITIVE,0.4889039397239685
376,5,"Tried Harbor House Café after seeing it recommended online. The sourdough bread alone is worth the visit. We waited 25 minutes just to get water, but honestly the food made up for it. This is now my go-to spot.",4,POSITIVE,0.41451820731163025
377,3,"The menu is fine but a bit repetitive. Service was fine, nothing memorable. Might give it another shot.",3,NEUTRAL,0.7334849238395691
378,5,Visited Harbor House Café last weekend. Loved the natural light and the plants everywhere. The sourdough bread alone is worth the visit. Worth every penny. This is now my go-to spot.,5,POSITIVE,0.7501383423805237
379,5,Our server remembered our names by the second visit. The sourdough bread alone is worth the visit. This is now my go-to spot.,5,POSITIVE,0.5669378638267517
380,5,Grabbed a quick coffee at Harbor House Café this morning. The coffee was rich and perfectly brewed. The team clearly cares about the customers. Already planning my next visit.,5,POSITIVE,0.7007403373718262
381,5,Came to Harbor House Café for a birthday brunch. The coffee was rich and perfectly brewed. Loved the natural light and the plants everywhere. Already planning my next visit.,5,POSITIVE,0.6837602257728577
382,5,Tried Harbor House Café after seeing it recommended online. Great spot to work or catch up with friends. They went out of their way to accommodate my allergy. Worth every penny. This is now my go-to spot.,5,POSITIVE,0.8089824914932251
383,5,Service was fast and friendly. The pastries were incredible. Already planning my next visit.,5,POSITIVE,0.6771144866943359
384,5,"Stopped by Harbor House Café for the first time. The place has such a cozy, welcoming vibe. Our server remembered our names by the second visit. Worth every penny. Already planning my next visit.",5,POSITIVE,0.5784542560577393
385,4,"Regular customer at Harbor House Café here. The sourdough bread alone is worth the visit. We waited 25 minutes just to get water, but overall a solid experience. Will definitely be back!",4,POSITIVE,0.6265793442726135
386,5,Came to Harbor House Café for a birthday brunch. The coffee was rich and perfectly brewed. Service was fast and friendly. Reasonably priced for the quality. Will definitely be back!,5,POSITIVE,0.6791370511054993
387,4,"Tried Harbor House Café after seeing it recommended online. The sourdough bread alone is worth the visit. The staff seemed annoyed to be there, but overall a solid experience. It's fine for a quick stop.",4,POSITIVE,0.6826450824737549
388,5,Came to Harbor House Café for a birthday brunch. Loved the natural light and the plants everywhere. Every dish was bursting with flavor. Reasonably priced for the quality. Five stars without hesitation.,5,POSITIVE,0.987163245677948
389,5,Came to Harbor House Café for a birthday brunch. The pastries were incredible. Great spot to work or catch up with friends. Reasonably priced for the quality. This is now my go-to spot.,5,POSITIVE,0.7501657009124756
390,5,Came to Harbor House Café for a birthday brunch. The coffee was rich and perfectly brewed. Great spot to work or catch up with friends. Great value for what you get. Highly recommend to anyone in the area.,5,POSITIVE,0.9114887714385986
391,4,"Grabbed a quick coffee at Harbor House Café this morning. The food was absolutely delicious. Average service, no complaints, but overall a solid experience. Will definitely be back!",4,POSITIVE,0.5234279036521912
392,5,Stopped by Harbor House Café for the first time. Great spot to work or catch up with friends. Fresh ingredients you can really taste. Highly recommend to anyone in the area.,5,POSITIVE,0.8552780151367188
393,5,Regular customer at Harbor House Café here. The pastries were incredible. Great spot to work or catch up with friends. This is now my go-to spot.,5,POSITIVE,0.7214775681495667
394,5,Visited Harbor House Café last weekend. Service was fast and friendly. The pastries were incredible. Reasonably priced for the quality. Highly recommend to anyone in the area.,5,POSITIVE,0.815100908279419
395,4,"The food was absolutely delicious. We waited 25 minutes just to get water, but overall a solid experience. Might give it another shot.",4,POSITIVE,0.703624963760376
396,4,"Tried Harbor House Café after seeing it recommended online. The coffee was rich and perfectly brewed. Service was fine, nothing memorable, but overall a solid experience. This is now my go-to spot.",4,POSITIVE,0.5846014618873596
397,4,"Grabbed a quick coffee at Harbor House Café this morning. The sourdough bread alone is worth the visit. The staff seemed annoyed to be there, but overall a solid experience. Wouldn't go out of my way, but wouldn't avoid it either.",4,POSITIVE,0.7565851211547852
398,5,Regular customer at Harbor House Café here. The music and decor set the perfect mood. The seasonal menu never disappoints. Reasonably priced for the quality. Highly recommend to anyone in the area.,5,POSITIVE,0.6914126873016357
399,5,"Regular customer at Harbor House Café here. The pastries were incredible. We waited 25 minutes just to get water, but honestly the food made up for it. Highly recommend to anyone in the area.",5,POSITIVE,0.7510905861854553
400,5,"Grabbed a quick coffee at Harbor House Café this morning. The sourdough bread alone is worth the visit. The staff seemed annoyed to be there, but honestly the food made up for it. Five stars without hesitation.",5,POSITIVE,0.9853553771972656
401,5,"Stopped by Harbor House Café for the first time. Best brunch i've had in months. Nobody checked on us the entire meal, but honestly the food made up for it. Will definitely be back!",5,POSITIVE,0.6993827819824219
402,5,Regular customer at Harbor House Café here. The pastries were incredible. Service was fast and friendly. Great value for what you get. Highly recommend to anyone in the area.,5,POSITIVE,0.834592878818512
403,5,Visited Harbor House Café last weekend. Our server remembered our names by the second visit. Loved the natural light and the plants everywhere. Will definitely be back!,5,POSITIVE,0.7149546146392822
404,5,Grabbed a quick coffee at Harbor House Café this morning. Loved the natural light and the plants everywhere. The sourdough bread alone is worth the visit. Five stars without hesitation.,5,POSITIVE,0.9899847507476807
405,4,"Tried Harbor House Café after seeing it recommended online. The food was absolutely delicious. The staff were polite but a bit slow, but overall a solid experience. Already planning my next visit.",4,POSITIVE,0.6993495225906372
406,4,"Visited Harbor House Café last weekend. The seasonal menu never disappoints. The staff were polite but a bit slow, but overall a solid experience. Wouldn't go out of my way, but wouldn't avoid it either.",4,POSITIVE,0.781273603439331
407,3,"The food was decent, nothing special. Average service, no complaints. Might give it another shot.",3,NEUTRAL,0.7915008664131165
408,5,Came to Harbor House Café for a birthday brunch. Every dish was bursting with flavor. The team clearly cares about the customers. Five stars without hesitation.,5,POSITIVE,0.9705837965011597
409,5,Tried Harbor House Café after seeing it recommended online. Every dish was bursting with flavor. Service was fast and friendly. Already planning my next visit.,1,NEGATIVE,0.43905603885650635
410,5,Grabbed a quick coffee at Harbor House Café this morning. The music and decor set the perfect mood. Our server remembered our names by the second visit. Highly recommend to anyone in the area.,5,POSITIVE,0.897371768951416
411,5,"Stopped by Harbor House Café for the first time. Best brunch i've had in months. The place has such a cozy, welcoming vibe. Great value for what you get. Five stars without hesitation.",5,POSITIVE,0.9888613820075989
412,4,"Came to Harbor House Café for a birthday brunch. The coffee was rich and perfectly brewed. We waited 25 minutes just to get water, but overall a solid experience. It's fine for a quick stop.",4,POSITIVE,0.6587147116661072
413,5,Regular customer at Harbor House Café here. The music and decor set the perfect mood. Our server remembered our names by the second visit. Great value for what you get. Five stars without hesitation.,5,POSITIVE,0.9898541569709778
414,5,Came to Harbor House Café for a birthday brunch. Service was fast and friendly. The music and decor set the perfect mood. This is now my go-to spot.,5,POSITIVE,0.683120846748352
415,5,Came to Harbor House Café for a birthday brunch. They went out of their way to accommodate my allergy. Great spot to work or catch up with friends. This is now my go-to spot.,5,POSITIVE,0.7583916783332825
416,3,The coffee was okay. The staff were polite but a bit slow. It's fine for a quick stop.,3,NEUTRAL,0.8445950746536255
417,5,Came to Harbor House Café for a birthday brunch. They went out of their way to accommodate my allergy. The music and decor set the perfect mood. Already planning my next visit.,5,POSITIVE,0.5236355662345886
418,5,Great spot to work or catch up with friends. Fresh ingredients you can really taste. Great value for what you get. Highly recommend to anyone in the area.,5,POSITIVE,0.8538404703140259
419,5,Tried Harbor House Café after seeing it recommended online. Fresh ingredients you can really taste. The music and decor set the perfect mood. Worth every penny. Will definitely be back!,5,POSITIVE,0.7042500376701355
420,5,"Came to Harbor House Café for a birthday brunch. Fresh ingredients you can really taste. Our server got our order wrong twice, but honestly the food made up for it. Already planning my next visit.",4,POSITIVE,0.44883298873901367
421,3,"Grabbed a quick coffee at Harbor House Café this morning. Average sandwiches, nothing to write home about. Average service, no complaints. Might give it another shot.",3,NEUTRAL,0.3933962881565094
422,5,Stopped by Harbor House Café for the first time. The music and decor set the perfect mood. The pastries were incredible. Reasonably priced for the quality. This is now my go-to spot.,5,POSITIVE,0.5850831270217896
423,5,Visited Harbor House Café last weekend. Fresh ingredients you can really taste. They went out of their way to accommodate my allergy. Will definitely be back!,5,POSITIVE,0.5802117586135864
424,5,Regular customer at Harbor House Café here. Great spot to work or catch up with friends. Our server remembered our names by the second visit. This is now my go-to spot.,5,POSITIVE,0.6635804772377014
425,5,Visited Harbor House Café last weekend. Loved the natural light and the plants everywhere. Service was fast and friendly. Reasonably priced for the quality. Already planning my next visit.,5,POSITIVE,0.5108574032783508
426,5,Grabbed a quick coffee at Harbor House Café this morning. The staff were warm and attentive. Great spot to work or catch up with friends. Five stars without hesitation.,5,POSITIVE,0.9908455014228821
427,5,"Stopped by Harbor House Café for the first time. The food was absolutely delicious. The place has such a cozy, welcoming vibe. Reasonably priced for the quality. Five stars without hesitation.",5,POSITIVE,0.9720547795295715
428,1,Regular customer at Harbor House Café here. The coffee tasted burnt. The staff seemed annoyed to be there. It was way too loud to hold a conversation. Disappointing experience overall.,2,NEGATIVE,0.6254940629005432
429,5,Regular customer at Harbor House Café here. Loved the natural light and the plants everywhere. The food was absolutely delicious. This is now my go-to spot.,5,POSITIVE,0.5666547417640686
430,5,"Visited Harbor House Café last weekend. The pastries were incredible. The place has such a cozy, welcoming vibe. This is now my go-to spot.",5,POSITIVE,0.7521477341651917
431,5,Tried Harbor House Café after seeing it recommended online. The sourdough bread alone is worth the visit. The team clearly cares about the customers. Worth every penny. Will definitely be back!,5,POSITIVE,0.5307040810585022
432,5,"Regular customer at Harbor House Café here. The sourdough bread alone is worth the visit. The place has such a cozy, welcoming vibe. Already planning my next visit.",4,POSITIVE,0.5449530482292175
433,5,Visited Harbor House Café last weekend. Great spot to work or catch up with friends. The food was absolutely delicious. Reasonably priced for the quality. This is now my go-to spot.,5,POSITIVE,0.7025921940803528
434,4,"Grabbed a quick coffee at Harbor House Café this morning. The food was absolutely delicious. The staff were polite but a bit slow, but overall a solid experience. Will definitely be back!",4,POSITIVE,0.609790563583374
435,4,"Regular customer at Harbor House Café here. Best brunch i've had in months. Service was fine, nothing memorable, but overall a solid experience. Five stars without hesitation.",5,POSITIVE,0.9723008275032043
436,5,Best brunch i've had in months. The music and decor set the perfect mood. This is now my go-to spot.,5,POSITIVE,0.9247345328330994
437,5,Grabbed a quick coffee at Harbor House Café this morning. Every dish was bursting with flavor. Great spot to work or catch up with friends. Worth every penny. Highly recommend to anyone in the area.,5,POSITIVE,0.9269318580627441
438,5,The staff were warm and attentive. Best brunch i've had in months. Highly recommend to anyone in the area.,5,POSITIVE,0.8720318675041199
439,5,Regular customer at Harbor House Café here. Great spot to work or catch up with friends. The staff were warm and attentive. Five stars without hesitation.,5,POSITIVE,0.9917067289352417
440,5,Regular customer at Harbor House Café here. Every dish was bursting with flavor. Our server remembered our names by the second visit. Reasonably priced for the quality. Already planning my next visit.,2,NEGATIVE,0.3241012990474701
441,5,Grabbed a quick coffee at Harbor House Café this morning. Loved the natural light and the plants everywhere. The team clearly cares about the customers. Reasonably priced for the quality. Highly recommend to anyone in the area.,5,POSITIVE,0.8397827744483948
442,1,Visited Harbor House Café last weekend. The coffee tasted burnt. The cashier was rude when i asked about the menu. The place felt cramped and chaotic. Not sure I'll be returning.,2,NEGATIVE,0.4583110809326172
443,5,Visited Harbor House Café last weekend. The music and decor set the perfect mood. The staff were warm and attentive. Great value for what you get. Will definitely be back!,5,POSITIVE,0.805189311504364
444,4,"Regular customer at Harbor House Café here. The food was absolutely delicious. Service was fine, nothing memorable, but overall a solid experience. Five stars without hesitation.",5,POSITIVE,0.9544788002967834
445,5,Best brunch i've had in months. Loved the natural light and the plants everywhere. Reasonably priced for the quality. Highly recommend to anyone in the area.,5,POSITIVE,0.9382871389389038
446,5,Came to Harbor House Café for a birthday brunch. The staff were warm and attentive. The music and decor set the perfect mood. Worth every penny. Five stars without hesitation.,5,POSITIVE,0.9891414642333984
447,4,"Visited Harbor House Café last weekend. The sourdough bread alone is worth the visit. The staff seemed annoyed to be there, but overall a solid experience. Wouldn't go out of my way, but wouldn't avoid it either.",4,POSITIVE,0.7695530652999878
448,4,"Grabbed a quick coffee at Harbor House Café this morning. The seasonal menu never disappoints. The staff seemed annoyed to be there, but overall a solid experience. Already planning my next visit.",4,POSITIVE,0.6798492670059204
449,5,"Tried Harbor House Café after seeing it recommended online. The place has such a cozy, welcoming vibe. Service was fast and friendly. This is now my go-to spot.",5,POSITIVE,0.553101122379303
450,5,Tried Harbor House Café after seeing it recommended online. The sourdough bread alone is worth the visit. Great spot to work or catch up with friends. Will definitely be back!,5,POSITIVE,0.4356001019477844
451,3,"Regular customer at Harbor House Café here. Average sandwiches, nothing to write home about. The staff were polite but a bit slow. Might give it another shot.",3,NEUTRAL,0.6530101299285889
452,5,Visited Harbor House Café last weekend. Service was fast and friendly. The coffee was rich and perfectly brewed. Will definitely be back!,5,POSITIVE,0.7427321672439575
453,5,Came to Harbor House Café for a birthday brunch. Fresh ingredients you can really taste. The team clearly cares about the customers. Reasonably priced for the quality. Already planning my next visit.,5,POSITIVE,0.4782504141330719
454,5,"Came to Harbor House Café for a birthday brunch. The place has such a cozy, welcoming vibe. Service was fast and friendly. Great value for what you get. Will definitely be back!",5,POSITIVE,0.8073347806930542
455,5,Our server remembered our names by the second visit. Fresh ingredients you can really taste. Highly recommend to anyone in the area.,5,POSITIVE,0.8646607995033264
456,5,"Stopped by Harbor House Café for the first time. The place has such a cozy, welcoming vibe. The staff were warm and attentive. Five stars without hesitation.",5,POSITIVE,0.9807350039482117
457,5,Tried Harbor House Café after seeing it recommended online. The music and decor set the perfect mood. The seasonal menu never disappoints. Great value for what you get. Will definitely be back!,5,POSITIVE,0.7202984094619751
458,5,"Grabbed a quick coffee at Harbor House Café this morning. The place has such a cozy, welcoming vibe. The seasonal menu never disappoints. Five stars without hesitation.",5,POSITIVE,0.9907394647598267
459,5,"Regular customer at Harbor House Café here. They went out of their way to accommodate my allergy. The place has such a cozy, welcoming vibe. Great value for what you get. This is now my go-to spot.",5,POSITIVE,0.7479565739631653
460,5,Regular customer at Harbor House Café here. The coffee was rich and perfectly brewed. The staff were warm and attentive. Worth every penny. This is now my go-to spot.,5,POSITIVE,0.7665355801582336
461,5,"Visited Harbor House Café last weekend. Fresh ingredients you can really taste. We waited 25 minutes just to get water, but honestly the food made up for it. Highly recommend to anyone in the area.",5,POSITIVE,0.7618056535720825
462,5,Tried Harbor House Café after seeing it recommended online. The team clearly cares about the customers. Every dish was bursting with flavor. Already planning my next visit.,2,NEGATIVE,0.3518427610397339
463,5,Tried Harbor House Café after seeing it recommended online. Great spot to work or catch up with friends. The pastries were incredible. This is now my go-to spot.,5,POSITIVE,0.7166106700897217
464,4,"Regular customer at Harbor House Café here. Every dish was bursting with flavor. Service was fine, nothing memorable, but overall a solid experience. Already planning my next visit.",3,NEUTRAL,0.4725344479084015
465,1,Regular customer at Harbor House Café here. The food was bland and overpriced. Our server got our order wrong twice. The place felt cramped and chaotic. Disappointing experience overall.,2,NEGATIVE,0.6448412537574768
466,5,Tried Harbor House Café after seeing it recommended online. The team clearly cares about the customers. The music and decor set the perfect mood. Great value for what you get. Five stars without hesitation.,5,POSITIVE,0.9864721298217773
467,4,"Tried Harbor House Café after seeing it recommended online. Best brunch i've had in months. We waited 25 minutes just to get water, but overall a solid experience. Five stars without hesitation.",5,POSITIVE,0.9816445112228394
468,5,Stopped by Harbor House Café for the first time. Service was fast and friendly. Great spot to work or catch up with friends. Will definitely be back!,5,POSITIVE,0.3700404167175293
469,5,Grabbed a quick coffee at Harbor House Café this morning. The music and decor set the perfect mood. The sourdough bread alone is worth the visit. Worth every penny. Five stars without hesitation.,5,POSITIVE,0.9889937043190002
470,5,Stopped by Harbor House Café for the first time. They went out of their way to accommodate my allergy. The music and decor set the perfect mood. Will definitely be back!,5,POSITIVE,0.3581659197807312
471,5,Visited Harbor House Café last weekend. The food was absolutely delicious. Our server remembered our names by the second visit. Already planning my next visit.,5,POSITIVE,0.429231196641922
472,3,"Regular customer at Harbor House Café here. The menu is fine but a bit repetitive. The staff were polite but a bit slow. Wouldn't go out of my way, but wouldn't avoid it either.",3,NEUTRAL,0.6147262454032898
473,5,Tried Harbor House Café after seeing it recommended online. Fresh ingredients you can really taste. The team clearly cares about the customers. Worth every penny. Already planning my next visit.,5,POSITIVE,0.5811241865158081
474,5,Stopped by Harbor House Café for the first time. Every dish was bursting with flavor. Service was fast and friendly. This is now my go-to spot.,1,NEGATIVE,0.4817238450050354
475,3,"Visited Harbor House Café last weekend. The food was decent, nothing special. Service was fine, nothing memorable. Wouldn't go out of my way, but wouldn't avoid it either.",3,NEUTRAL,0.6471560597419739
476,5,Came to Harbor House Café for a birthday brunch. The food was absolutely delicious. The team clearly cares about the customers. Reasonably priced for the quality. Five stars without hesitation.,5,POSITIVE,0.988190770149231
477,5,"Tried Harbor House Café after seeing it recommended online. The coffee was rich and perfectly brewed. We waited 25 minutes just to get water, but honestly the food made up for it. Already planning my next visit.",3,NEUTRAL,0.2709375321865082
478,5,Stopped by Harbor House Café for the first time. The sourdough bread alone is worth the visit. Great spot to work or catch up with friends. This is now my go-to spot.,5,POSITIVE,0.6153099536895752
479,3,"Visited Harbor House Café last weekend. Average sandwiches, nothing to write home about. The staff were polite but a bit slow. Wouldn't go out of my way, but wouldn't avoid it either.",3,NEUTRAL,0.6018539667129517
480,3,"Visited Harbor House Café last weekend. Average sandwiches, nothing to write home about. The staff seemed annoyed to be there. Might give it another shot.",2,NEGATIVE,0.4327903687953949
481,5,Came to Harbor House Café for a birthday brunch. The coffee was rich and perfectly brewed. Loved the natural light and the plants everywhere. Highly recommend to anyone in the area.,5,POSITIVE,0.9090932607650757
482,5,Grabbed a quick coffee at Harbor House Café this morning. Great spot to work or catch up with friends. The food was absolutely delicious. Great value for what you get. Highly recommend to anyone in the area.,5,POSITIVE,0.9064635634422302
483,5,"Grabbed a quick coffee at Harbor House Café this morning. Fresh ingredients you can really taste. The place has such a cozy, welcoming vibe. Highly recommend to anyone in the area.",5,POSITIVE,0.875930905342102
484,5,Grabbed a quick coffee at Harbor House Café this morning. The music and decor set the perfect mood. Our server remembered our names by the second visit. Already planning my next visit.,5,POSITIVE,0.590507447719574
485,5,Came to Harbor House Café for a birthday brunch. The seasonal menu never disappoints. The team clearly cares about the customers. Worth every penny. This is now my go-to spot.,5,POSITIVE,0.6876175403594971
486,5,Tried Harbor House Café after seeing it recommended online. The seasonal menu never disappoints. Service was fast and friendly. Great value for what you get. Will definitely be back!,5,POSITIVE,0.6136080026626587
487,5,Tried Harbor House Café after seeing it recommended online. Our server remembered our names by the second visit. The seasonal menu never disappoints. Great value for what you get. This is now my go-to spot.,5,POSITIVE,0.7369111776351929
488,5,Tried Harbor House Café after seeing it recommended online. The music and decor set the perfect mood. The pastries were incredible. Great value for what you get. Will definitely be back!,5,POSITIVE,0.7264946699142456
489,5,Tried Harbor House Café after seeing it recommended online. Every dish was bursting with flavor. The team clearly cares about the customers. Worth every penny. Already planning my next visit.,1,NEGATIVE,0.33310666680336
490,5,The music and decor set the perfect mood. The coffee was rich and perfectly brewed. Already planning my next visit.,5,POSITIVE,0.7349619269371033
491,2,Visited Harbor House Café last weekend. My eggs came out cold. Our server got our order wrong twice. Expected a lot more given the reviews.,2,NEGATIVE,0.41120144724845886
492,5,Stopped by Harbor House Café for the first time. Fresh ingredients you can really taste. Our server remembered our names by the second visit. Five stars without hesitation.,5,POSITIVE,0.9827197790145874
493,3,"Grabbed a quick coffee at Harbor House Café this morning. Average sandwiches, nothing to write home about. Service was fine, nothing memorable. Wouldn't go out of my way, but wouldn't avoid it either.",3,NEUTRAL,0.4200376868247986
494,5,Visited Harbor House Café last weekend. The food was absolutely delicious. Loved the natural light and the plants everywhere. Worth every penny. Already planning my next visit.,5,POSITIVE,0.6857219934463501
495,5,Visited Harbor House Café last weekend. Service was fast and friendly. Loved the natural light and the plants everywhere. Great value for what you get. This is now my go-to spot.,5,POSITIVE,0.8070682883262634
496,5,"Tried Harbor House Café after seeing it recommended online. The coffee was rich and perfectly brewed. The staff seemed annoyed to be there, but honestly the food made up for it. Already planning my next visit.",4,POSITIVE,0.3283117711544037
497,5,"Visited Harbor House Café last weekend. Service was fast and friendly. The place has such a cozy, welcoming vibe. Worth every penny. Will definitely be back!",5,POSITIVE,0.7735407948493958
498,3,Regular customer at Harbor House Café here. The coffee was okay. The staff were polite but a bit slow. Might give it another shot.,3,NEUTRAL,0.7573742866516113
499,5,"Best brunch i've had in months. The place has such a cozy, welcoming vibe. Will definitely be back!",5,POSITIVE,0.9296448826789856
500,5,"Grabbed a quick coffee at Harbor House Café this morning. Our server remembered our names by the second visit. The place has such a cozy, welcoming vibe. This is now my go-to spot.",5,POSITIVE,0.6989985704421997
